TICKET,C1,C2,C3,C4,C5,C6,C7,C8,C9,C10,C11,C12,C13,C14,C15,C16,C17,C18,C19,C20,C21,C22,C23,C24,C25,C26,C27
TICKET-1,,13,23,,46,,62,,84,8,,26,35,,54,64,,,,17,,38,,58,,74,89
TICKET-2,,14,,31,42,,65,,81,1,,22,,49,,67,72,,,,24,34,,55,,77,87
TICKET-3,3,,25,,43,,66,,85,,10,,,45,56,,78,90,6,18,,36,47,,68,,
TICKET-4,7,,20,30,,,60,,83,,16,29,,40,,69,71,,9,19,,37,,52,,75,
TICKET-5,2,,27,,41,50,,,80,,12,,33,,57,63,,82,5,,28,,48,59,,73,
TICKET-6,,11,,32,,51,,70,86,4,,21,,44,,61,76,,,15,,39,,53,,79,88
TICKET-7,2,,25,32,,51,,,80,,11,,36,43,,60,,83,5,,,38,49,,64,76,
TICKET-8,6,,24,,42,,61,71,,,13,,30,,53,67,,81,,,28,33,,56,,77,87
TICKET-9,,18,,31,45,,62,,84,4,,21,,47,55,,72,,,,27,35,,59,,74,90
TICKET-10,7,,23,,41,,66,,82,,14,26,,44,,68,,89,9,16,,39,,54,,79,
TICKET-11,,12,20,,,57,,73,86,3,15,,,46,,63,75,,,17,,37,,58,65,,88
TICKET-12,1,,22,,40,,69,,85,,10,29,,48,50,,70,,8,19,,34,,52,,78,
TICKET-13,7,,,34,41,,60,,81,,14,,36,46,,65,71,,8,,22,38,,55,,78,
TICKET-14,,13,,39,,52,63,,80,1,,23,,44,,69,72,,,16,,,48,56,,74,85
TICKET-15,,11,20,,45,,62,70,,4,,24,,,51,,73,82,,,28,33,,54,68,,86
TICKET-16,5,,21,,43,50,,77,,,10,26,30,,,67,,89,9,17,,35,,58,,79,
TICKET-17,3,,27,,47,,64,,84,,15,,32,49,,66,,87,6,19,,37,,57,,75,
TICKET-18,,12,,31,,53,61,,83,2,,25,,40,59,,,88,,18,29,,42,,,76,90
TICKET-19,,11,21,,47,,64,74,,4,,28,,,51,66,,87,8,14,,32,,53,,76,
TICKET-20,,10,24,,42,,67,,80,1,15,,30,,55,,70,,,17,27,,45,,69,,83
TICKET-21,,16,,36,46,,63,,85,5,,22,,49,50,,73,,,,25,38,,58,,75,89
TICKET-22,6,,,33,40,,61,,81,,12,,37,44,,65,,84,9,,20,39,,52,,77,
TICKET-23,2,,29,,43,54,,72,,,19,,31,48,,,78,82,7,,,34,,57,62,,86
TICKET-24,,13,,35,,56,,71,88,3,,23,,,59,60,,90,,18,26,,41,,68,79,
TICKET-25,4,,21,,42,,61,70,,,11,27,,,54,69,,90,8,14,,36,,57,,72,
TICKET-26,1,,24,,45,50,,75,,,13,26,,48,,62,,85,7,,,30,,53,65,,89
TICKET-27,,10,,32,44,,63,73,,3,,,35,,52,66,,87,,18,20,,49,,68,79,
TICKET-28,5,,22,,41,51,,,82,,12,29,,,55,,77,88,9,15,,34,,58,67,,
TICKET-29,,16,,31,43,,60,,80,2,,25,38,,56,,71,,,19,28,,46,,,78,84
TICKET-30,,17,,33,40,,64,,81,6,,,37,47,,,74,83,,,23,39,,59,,76,86
TICKET-31,,14,,32,,57,62,,82,9,,23,37,,59,,75,,,17,28,,45,,66,,88
TICKET-32,,11,,34,,51,,70,84,2,,20,,40,55,,73,,,19,,39,47,,64,78,
TICKET-33,,10,,35,,50,,74,85,4,,27,,41,,65,,90,,13,29,,43,54,,79,
TICKET-34,1,,26,,44,,61,,81,,16,,30,48,,69,,87,7,18,,36,,52,,72,
TICKET-35,3,,22,,46,,60,,80,,15,,31,,53,67,,89,6,,25,38,,58,,76,
TICKET-36,5,,21,,42,,63,,83,,12,,33,,56,,71,86,8,,24,,49,,68,77,
TICKET-37,,17,,31,,52,,70,81,6,,26,,44,,61,75,,8,19,,37,,58,67,,
TICKET-38,1,,25,,40,,62,,82,7,10,,,47,51,,71,,,16,,32,49,,66,76,
TICKET-39,,13,,33,,56,,79,84,4,,23,,41,,65,,87,,15,27,,45,,68,,89
TICKET-40,3,,22,,43,50,,73,,,12,,34,,55,64,,86,9,,29,38,,57,,77,
TICKET-41,,11,,30,,53,,74,80,2,,21,36,,,60,,83,,18,28,,42,59,,78,
TICKET-42,,14,,35,46,,63,,85,5,,20,,48,,,72,88,,,24,39,,54,69,,90
TICKET-43,3,,22,,40,,64,71,,,14,,31,,54,67,,84,8,,27,39,,59,,75,
TICKET-44,1,,21,,46,,60,,81,,11,,36,,50,68,,88,5,17,,38,,56,,76,
TICKET-45,,12,,34,,52,,77,82,2,,20,,43,58,,79,,,18,,37,47,,65,,87
TICKET-46,7,,25,,41,,62,,83,,13,28,,44,,69,,89,9,16,,33,,53,,72,
TICKET-47,,15,,30,,55,,70,85,4,,24,,45,,61,74,,,19,,32,49,,63,,90
TICKET-48,,,23,35,,51,,73,80,6,,26,,42,57,,78,,,10,29,,48,,66,,86
TICKET-49,,10,,35,44,,60,,82,8,,24,,,52,68,,85,,14,28,,49,58,,73,
TICKET-50,4,,21,,43,54,,70,,,12,,30,45,,63,,84,6,,27,,,57,,74,87
TICKET-51,7,,20,,40,51,,76,,,18,,32,47,,64,78,,9,,26,37,,,67,,86
TICKET-52,1,,22,33,,,61,,80,,13,29,,46,,,71,88,2,16,,36,,50,,75,
TICKET-53,,17,,31,,53,62,,81,,,25,,41,56,,72,83,3,19,,34,,,65,,90
TICKET-54,,11,,38,42,,66,77,,5,,23,,48,55,,79,,,15,,39,,59,69,,89
TICKET-55,,10,,33,40,,61,70,,4,,25,,,57,65,,82,,16,,39,48,,69,,89
TICKET-56,1,,20,,44,50,,74,,,13,,35,,52,63,,83,2,,26,,46,,68,79,
TICKET-57,3,,21,,42,51,,,84,,18,29,,45,,66,75,,5,19,,32,,54,,78,
TICKET-58,6,,27,,41,,62,,81,,17,,36,,59,,72,88,9,,,38,47,,64,,90
TICKET-59,,12,22,,49,,67,,80,7,,24,31,,56,,73,,,15,,37,,58,,77,86
TICKET-60,,11,,30,,53,,71,85,,14,23,,43,55,,76,,8,,28,34,,,60,,87
TICKET-61,1,,22,,41,,,72,83,,13,,31,45,,60,74,,6,17,,38,,53,,76,
TICKET-62,5,,24,,43,,63,,82,,18,,30,49,,68,70,,8,,27,32,,54,,78,
TICKET-63,,11,,35,,57,,73,81,4,,20,,42,,65,,84,,14,,36,,59,69,,86
TICKET-64,2,,23,,40,,62,,90,,10,,39,44,,67,71,,7,,28,,46,52,,77,
TICKET-65,,12,,34,,51,64,,87,9,,21,37,,55,,79,,,16,26,,48,58,,,89
TICKET-66,,15,,33,,50,61,,80,3,,25,,,56,,75,85,,19,29,,47,,66,,88
TICKET-67,,13,23,,40,52,,,81,4,,29,36,,58,,70,,9,,,39,48,,68,,83
TICKET-68,2,,24,,42,,62,73,,5,10,,31,,51,,77,,,16,,38,,56,,79,85
TICKET-69,,,20,,45,54,,71,80,,15,,32,,59,60,,84,7,,21,,49,,67,,88
TICKET-70,6,,26,,41,,63,72,,,11,,33,,50,65,,87,8,18,,35,,57,,76,
TICKET-71,,14,,30,43,,61,,89,3,17,,34,,55,,74,,,19,27,,46,,64,78,
TICKET-72,,12,22,,44,,66,,82,1,,24,,47,,69,,86,,,28,37,,53,,75,90
TICKET-73,5,,25,,40,,62,71,,,10,,31,,56,64,,86,9,16,,34,,59,,75,
TICKET-74,2,,26,,42,,60,,84,,14,,33,45,,63,73,,8,17,,39,,54,,77,
TICKET-75,,13,,35,44,,66,,83,6,,21,,48,,69,70,,,,29,38,,53,,78,87
TICKET-76,1,,23,,41,,61,72,,,15,,30,,50,68,,85,4,19,,32,,55,,76,
TICKET-77,,12,,37,,51,,79,80,3,,22,,47,57,,,82,,18,28,,49,,65,,89
TICKET-78,,11,20,,43,,67,,81,7,,24,,46,52,,,88,,,27,36,,58,,74,90
TICKET-79,7,,20,,45,,65,,88,,11,,30,47,,69,73,,9,,26,36,,55,,77,
TICKET-80,,10,,34,,50,,71,81,2,,22,37,,53,62,,,,16,25,,41,,68,,85
TICKET-81,4,,24,,42,,64,,80,,13,,,46,58,,70,83,8,18,,33,49,,,72,
TICKET-82,1,,23,,43,,61,74,,,14,,39,,52,67,,86,5,,28,,48,56,,78,
TICKET-83,,12,,31,,57,,76,84,3,17,,38,,59,,,90,,19,21,,40,,63,79,
TICKET-84,,15,,32,,51,,75,82,6,,27,,44,,60,,87,,,29,35,,54,66,,89
TICKET-85,,13,,32,41,,63,,86,9,16,,36,,56,,70,,,19,25,,47,,68,77,
TICKET-86,5,,24,,42,,67,,85,,10,,33,48,,69,72,,8,,27,37,,55,,76,
TICKET-87,2,,21,,44,,61,,83,4,,29,,49,50,,74,,,12,,30,,57,65,,89
TICKET-88,,11,,35,,54,,71,80,1,,26,,40,58,,78,,,17,28,,46,,66,,82
TICKET-89,3,,22,,43,,62,,81,,15,,31,,52,,73,87,6,18,,34,,59,,79,
TICKET-90,,14,,38,,51,,75,84,7,,20,,45,,60,,88,,,23,39,,53,64,,90
TICKET-91,,14,,32,40,,60,,83,2,,20,,48,,66,79,,9,,23,35,,51,,,89
TICKET-92,6,,22,,46,,62,,81,,11,,31,49,,68,70,,8,16,,37,,55,,77,
TICKET-93,,13,,30,,52,,73,85,4,,26,,42,54,,,87,,17,,38,,59,64,,90
TICKET-94,1,,21,33,,56,,74,,,10,27,,47,,61,,82,7,15,,39,,,67,76,
TICKET-95,,18,,,41,50,,72,80,3,,25,,44,,65,78,,,,29,36,,58,69,,84
TICKET-96,,12,,34,,53,,71,86,5,,24,,43,,63,,88,,19,28,,45,57,,75,
TICKET-97,4,,25,,44,,,75,89,9,13,,31,,56,,77,,,16,,34,48,,63,79,
TICKET-98,,11,,33,42,,61,71,,2,,20,,46,57,,,86,5,,27,35,,,67,78,
TICKET-99,,14,,36,,50,,72,81,,17,,39,,52,62,,85,7,,23,,45,,69,,88
TICKET-100,1,,21,,43,55,,70,,,12,,32,47,,65,76,,3,,26,,49,,68,,84
TICKET-101,,15,,30,,51,66,,80,6,,24,37,,53,,74,,,19,29,,41,59,,,82
TICKET-102,8,,,38,,54,,73,83,,10,22,,40,,60,,87,,18,28,,,58,64,,90
TICKET-103,1,,21,30,,53,,77,,,10,,34,46,,62,,84,8,17,,37,,56,,78,
TICKET-104,2,,,31,,54,63,,80,,16,,39,,58,,76,88,7,,23,,45,,65,79,
TICKET-105,,11,,33,,51,,71,82,5,,25,,40,,60,,86,,14,29,,42,,68,,89
TICKET-106,3,,22,,47,57,,75,,,13,,32,,59,61,,90,9,19,,38,48,,67,,
TICKET-107,,,24,36,,52,,70,83,4,,26,,43,55,,73,,,12,28,,49,,64,,87
TICKET-108,,15,20,,,50,,72,81,6,,,35,41,,66,,85,,18,27,,44,,69,74,
TICKET-109,6,,25,,45,53,,77,,,10,27,,49,,68,,81,9,16,,35,,57,,78,
TICKET-110,,14,,30,,51,,72,80,2,17,,33,42,,61,,,5,,21,,48,,65,,86
TICKET-111,,13,22,,44,,63,70,,4,,26,,,50,,74,83,,,29,37,,52,69,,88
TICKET-112,1,,23,32,,54,,,84,,19,28,,41,58,,71,,7,,,38,47,,66,75,
TICKET-113,3,,20,,,56,60,,82,,11,,36,,59,,73,87,,18,,39,43,,64,,89
TICKET-114,,12,,31,40,,62,76,,8,,24,,46,,67,,85,,15,,34,,55,,79,90
TICKET-115,6,,23,,40,,69,,81,9,,27,31,,55,,71,,,12,,34,46,,,75,87
TICKET-116,,11,21,,49,53,,73,,2,14,,36,,,61,77,,,19,24,,,59,64,,85
TICKET-117,4,,20,,43,50,,72,,,18,,35,,52,63,,80,7,,,39,,54,65,,86
TICKET-118,,13,,32,48,,62,,82,1,,26,37,,51,,76,,,15,29,,,56,66,,88
TICKET-119,,16,,30,42,,67,70,,3,,22,,44,,,74,83,,,28,33,,57,,78,89
TICKET-120,5,,25,,41,,60,,84,8,10,,,45,58,,79,,,17,,38,47,,68,,90
TICKET-121,6,,21,,41,,63,,82,,14,,32,,58,67,,85,9,,23,,46,,69,76,
TICKET-122,,11,,34,,52,,72,88,2,15,,37,,59,,79,,,18,27,,43,,65,,90
TICKET-123,,10,,31,,50,,70,87,4,,26,,44,57,,74,,,12,,39,49,,61,78,
TICKET-124,1,,22,,40,,62,,81,,16,,35,,53,66,,86,7,,28,,47,55,,77,
TICKET-125,,13,,30,42,,,71,80,3,,25,38,,56,,73,,,19,29,,48,,60,,84
TICKET-126,5,,20,,45,,64,,83,,17,,33,,51,68,,89,8,,24,36,,54,,75,
TICKET-127,6,,21,34,,52,,76,,,16,25,,46,,65,,84,9,19,,37,,55,,79,
TICKET-128,2,,,32,,54,63,,82,,17,23,,41,,67,,87,8,,26,,48,56,,78,
TICKET-129,,13,,35,,50,,71,80,4,,20,38,,,66,,89,,18,28,,44,,69,73,
TICKET-130,1,,22,,42,,64,,83,,15,,33,,53,,77,85,7,,24,,47,,68,,88
TICKET-131,,11,,31,43,,60,72,,3,,29,,49,57,,74,,,14,,39,,59,61,,81
TICKET-132,,10,,30,,51,,70,86,5,,27,,40,58,,75,,,12,,36,45,,62,,90
TICKET-133,,10,,36,,56,,70,83,7,14,,,43,,60,72,,,17,29,,47,,62,,85
TICKET-134,2,,25,,40,,,73,80,,12,,33,,57,,77,86,8,,,39,48,,61,,89
TICKET-135,,11,20,,,51,63,,87,4,,23,38,,55,,75,,,13,26,,41,,66,,90
TICKET-136,1,,24,,44,,69,,81,,18,,32,46,,,76,88,5,,28,35,,53,,79,
TICKET-137,,15,,30,42,,64,71,,3,,21,34,,50,68,,,,,27,,49,58,,78,82
TICKET-138,6,,22,,45,52,,74,,,16,,31,,54,65,,84,9,19,,37,,59,67,,
TICKET-139,6,,20,35,,,66,,81,,14,28,,46,,69,73,,9,19,,37,,55,,77,
TICKET-140,,11,,31,,53,,71,83,2,,24,,40,59,,75,,,18,25,,43,,64,,88
TICKET-141,4,,23,,42,,62,,85,,17,,33,,52,,70,87,8,,27,,47,56,,74,
TICKET-142,1,,21,,45,,61,,80,,10,,30,49,,67,76,,5,15,,36,,54,,79,
TICKET-143,,12,,32,,51,63,,84,3,,29,,41,57,,72,,,16,,39,48,,65,,90
TICKET-144,,13,,34,,50,,78,82,,,22,38,,58,60,,86,7,,26,,44,,68,,89
TICKET-145,,13,,30,45,,,76,81,9,,22,38,,54,,79,,,19,26,,48,,60,,83
TICKET-146,2,,28,,42,,64,73,,,12,,33,,51,66,,88,7,18,,36,,58,,77,
TICKET-147,,10,,31,44,,62,,80,4,,27,35,,56,,75,,,16,29,,47,,65,,86
TICKET-148,1,,,39,,53,67,,82,,14,20,,41,,69,,84,5,,24,,49,59,,71,
TICKET-149,3,,25,,43,,63,70,,,11,,32,,52,,74,89,6,17,,34,,57,,78,
TICKET-150,,15,,37,,50,61,,85,8,,21,,40,,68,,87,,,23,,46,55,,72,90
TICKET-151,2,,26,,46,,61,,80,,15,,35,,53,,70,84,9,17,,,49,57,,76,
TICKET-152,,11,,30,40,,62,,83,8,,27,,45,58,,77,,,18,,34,48,,,79,89
TICKET-153,4,,20,,44,,63,,81,,14,,36,,51,68,,86,6,,23,39,,55,,72,
TICKET-154,,10,,33,,56,,71,85,1,,25,,41,59,,75,,,16,29,,47,,60,,88
TICKET-155,3,,22,,42,,65,74,,,13,,32,,50,67,,87,7,,24,38,,54,,78,
TICKET-156,,12,,31,,52,64,,82,5,,21,37,,,66,73,,,19,28,,43,,69,,90
TICKET-157,3,,,30,,50,,74,81,9,,26,,41,58,,,87,,19,,34,47,,62,78,
TICKET-158,,13,,33,43,,,72,89,2,,25,39,,59,,77,,6,,29,,45,,60,79,
TICKET-159,,12,21,,42,52,,76,,,14,24,,49,,64,,88,5,,27,36,,56,67,,
TICKET-160,1,11,,37,,57,,71,,,15,20,,44,,61,,84,8,18,,,46,,63,,86
TICKET-161,4,,,31,,51,65,,80,,16,22,,40,,69,,83,,,28,35,,54,,70,85
TICKET-162,,10,,32,,53,,73,82,7,,23,,,55,66,,90,,17,,38,48,,68,75,
TICKET-163,5,,26,,46,,64,,81,9,11,,37,,51,,72,,,15,28,,,57,68,,87
TICKET-164,,17,,31,,55,62,,83,2,,29,,40,59,,74,,,19,,34,44,,66,,90
TICKET-165,4,,22,36,,50,,73,,,10,,39,,56,,79,80,,13,25,,41,,69,,88
TICKET-166,1,,21,30,,52,,71,,,12,,38,,58,60,,82,6,,27,,45,,67,,86
TICKET-167,3,,20,,42,,63,70,,,16,,32,47,,,75,84,7,,23,,49,54,,77,
TICKET-168,,14,,33,,53,,76,85,8,,24,,43,,61,78,,,18,,35,48,,65,,89
TICKET-169,9,,27,,41,53,,,80,,10,,33,,55,,78,82,,14,,37,44,,68,,85
TICKET-170,4,,21,38,,,65,,81,,16,26,,,52,,71,90,,19,29,,45,56,,79,
TICKET-171,,11,23,,,51,66,,86,5,17,,34,,57,,70,,8,,28,,42,59,,,89
TICKET-172,1,,24,,43,,62,73,,,12,,30,,54,67,,87,7,,,36,49,,69,77,
TICKET-173,2,,25,,40,,61,74,,6,15,,31,46,,63,,,,18,,,48,50,,76,83
TICKET-174,,13,,32,47,,60,,84,,,20,35,,58,,72,88,3,,22,39,,,64,75,
TICKET-175,4,,20,,44,,60,75,,,14,,35,49,,66,,90,9,19,,39,,53,68,,
TICKET-176,,11,24,,40,50,,71,,2,,28,,47,,62,,83,,15,,31,,57,,78,85
TICKET-177,5,,27,34,,,65,,80,8,,,36,,54,,72,89,,13,29,,45,,69,76,
TICKET-178,,10,,38,,52,,70,82,,17,23,,42,,63,,87,1,,25,,48,56,,74,
TICKET-179,3,,22,,41,,64,,84,,16,,32,,51,,73,86,7,,26,,43,55,,79,
TICKET-180,6,,21,30,,58,61,,,,12,,33,46,,,77,81,,18,,37,,59,67,,88
TICKET-181,6,,21,,46,,61,,80,,15,,30,,52,65,,85,9,,24,,49,54,,76,
TICKET-182,2,,27,,41,,,70,83,,12,,37,47,,68,,90,8,18,,39,,55,,72,
TICKET-183,4,,23,,44,,63,,82,,16,,32,,50,67,,88,7,,29,35,,53,,74,
TICKET-184,,10,26,,42,,,71,87,1,14,,33,,57,,77,,,17,,36,48,,64,79,
TICKET-185,,11,,34,,56,60,,86,3,,25,38,,59,,73,,,19,28,,43,,69,78,
TICKET-186,,13,,31,,51,62,,81,5,,20,,40,,66,,84,,,22,,45,58,,75,89
TICKET-187,2,,20,,43,52,,71,,,10,28,,45,,65,,81,9,12,,32,,59,,75,
TICKET-188,,,25,34,,56,,76,84,3,,27,38,,,63,78,,,17,29,,49,58,,,88
TICKET-189,5,,23,,40,,61,,80,,14,,36,,54,,70,82,8,,26,,47,,67,,86
TICKET-190,1,,22,,41,,66,72,,,11,,33,,50,,74,90,7,16,,39,46,,69,,
TICKET-191,,13,,31,,53,62,,83,4,,24,,48,55,,79,,,18,,35,,57,68,,85
TICKET-192,,15,,30,,51,,73,87,6,,21,,42,,60,,89,,19,,37,44,,64,77,
TICKET-193,5,,20,,44,,66,,81,,11,,35,,51,69,,85,9,,26,39,,57,,70,
TICKET-194,2,,22,,41,,62,74,,,15,,31,47,,,76,83,6,,29,38,,53,,79,
TICKET-195,,10,,36,,56,,71,80,4,,25,,48,,63,,86,,18,27,,,59,67,,89
TICKET1-96,1,,21,,45,,61,,82,,14,,30,49,,65,73,,8,16,,33,,54,,78,
TICKET-197,,12,,37,,50,68,,87,3,,24,,40,55,,,90,,19,28,,43,58,,72,
TICKET-198,,13,,32,,52,,75,84,7,,23,,42,,60,77,,,17,,34,46,,64,,88
TICKET-199,6,,22,,40,53,,70,,,19,,31,46,,65,,83,9,,25,35,,57,,74,
TICKET-200,,10,,37,,55,,72,81,2,,20,,42,,63,78,,,17,28,,48,,69,,86
TICKET-201,,11,,30,45,,61,,84,5,,23,,,54,66,,88,,14,,33,49,,68,75,
TICKET-202,1,,29,,41,,60,,85,,13,,32,47,,64,,90,4,16,,39,,50,,71,
TICKET-203,,12,,36,,51,62,,82,3,,21,,,56,,73,87,,18,27,,43,59,,77,
TICKET-204,7,,24,34,,52,,76,,,15,,38,,58,,79,80,8,,26,,44,,67,,89
TICKET-205,3,,20,,40,,63,,84,,12,28,,46,,69,70,,9,15,,31,,59,,78,
TICKET-206,,11,,35,,50,,72,81,2,,26,,42,,61,,86,,17,29,,48,57,,76,
TICKET-207,5,,,32,,52,,73,82,,18,,39,45,,64,,89,8,,24,,49,56,,79,
TICKET-208,,16,,38,,54,,71,80,1,,21,,41,58,,77,,,19,27,,47,,65,,85
TICKET-209,4,,23,,43,,66,,88,,14,,33,,51,68,,90,7,,25,37,,55,,75,
TICKET-210,,10,,30,,53,60,,83,6,,22,34,,,62,74,,,13,,36,44,,67,,87
TICKET-211,2,,23,,44,,62,,80,,11,,,46,53,,75,82,9,18,,32,49,,66,,
TICKET-212,,14,,36,,51,,71,84,8,,21,,40,,60,,86,,,27,39,,59,65,,89
TICKET-213,,10,20,,42,,63,72,,5,,25,,,55,,74,81,,,28,38,,57,,79,83
TICKET-214,1,,22,,45,54,,73,,,12,,30,47,,67,,88,3,16,,34,,58,,77,
TICKET-215,,15,,33,,50,,70,85,4,,26,,41,,64,78,,,,29,37,,56,69,,87
TICKET-216,6,13,,31,,52,,76,,,17,24,,43,,61,,90,7,19,,35,48,,68,,
TICKET-217,,15,,35,43,,60,,80,6,17,,,47,,67,,86,9,,25,39,,58,,71,
TICKET-218,2,,21,,45,,66,,88,,14,,30,,52,69,,90,5,,24,36,,57,,75,
TICKET-219,,11,20,,41,,62,,82,4,,23,32,,51,,70,,,13,,38,,55,,76,85
TICKET-220,1,,28,,46,50,,72,,,19,,33,,54,,77,83,8,,29,,49,,63,79,
TICKET-221,,10,,34,,53,64,,84,,12,27,,40,59,,73,,3,18,,,42,,68,78,
TICKET-222,7,,22,,44,,61,,81,,16,,31,48,,65,,87,,,26,37,,56,,74,89
TICKET-223,5,,24,,40,,69,,82,,12,27,,43,52,,71,,9,15,,31,,58,,75,
TICKET-224,2,,21,,45,,61,70,,,17,,39,,53,,74,83,7,,28,,48,,66,,89
TICKET-225,,11,,33,42,,64,,81,4,,29,,49,51,,76,,,13,,36,,57,67,,85
TICKET-226,,10,,35,,55,63,,80,1,,20,37,,,68,,87,,16,26,,46,59,,78,
TICKET-227,3,,,30,47,,60,,84,,14,,32,,54,,73,88,8,,23,38,,,62,79,
TICKET-228,,18,22,,41,50,,72,,6,,25,,44,,65,,86,,19,,34,,56,,77,90
TICKET-229,9,10,,,40,55,,,84,,15,,33,46,,,74,90,,18,24,,48,,69,79,
TICKET-230,,12,,31,,53,,73,86,2,,21,,41,,64,77,,6,,23,35,,59,66,,
TICKET-231,4,,20,36,,51,63,,,8,,27,,42,,65,,81,,11,,39,,58,,72,85
TICKET-232,,13,,30,44,,61,,82,1,,26,38,,57,,76,,,19,29,,47,,68,,88
TICKET-233,3,,22,,43,,62,,80,,17,,32,,50,67,,87,5,,28,,,54,,71,89
TICKET-234,,14,,34,,52,,70,83,,16,,37,45,,60,75,,7,,25,,49,56,,78,
TICKET-235,6,,24,,,52,,74,86,9,12,,30,,56,60,,,,16,28,,44,,64,78,
TICKET-236,,10,,34,,58,,70,80,2,,20,,40,,66,,82,5,,,38,46,,,72,88
TICKET-237,,14,,32,42,,62,71,,,18,22,,45,,68,,84,8,,26,36,,50,,76,
TICKET-238,1,,21,35,,54,,77,,,19,23,,48,,65,,90,3,,27,39,,57,,79,
TICKET-239,,11,,,41,51,,75,83,7,,,33,,55,63,,87,,15,29,,47,,67,,89
TICKET-240,4,,25,,43,53,,73,,,13,,31,,59,61,,81,,17,,37,49,,69,,85
TICKET-241,,12,,31,,51,66,,83,9,,26,,40,54,,70,,,16,,34,44,,69,77,
TICKET-242,4,,23,,41,,60,,80,,18,,30,,56,,73,85,8,,29,,46,59,,79,
TICKET-243,,11,21,,43,,62,72,,2,,24,,,53,63,,81,,15,,37,48,,67,,88
TICKET-244,3,,22,33,,52,,74,,,10,28,,45,,61,,86,5,17,,38,,55,,,90
TICKET-245,,13,,32,,57,,71,82,6,,25,,47,,65,76,,,19,,36,49,,68,,87
TICKET-246,1,,20,,,50,,75,84,,14,,35,42,,64,,89,7,,27,39,,58,,78,
TICKET-247,2,,21,,,53,,72,83,,15,,30,41,,62,79,,9,19,,37,47,,69,,
TICKET-248,1,,,36,40,,63,,85,4,,26,,,56,,70,89,,18,29,,44,,66,75,
TICKET-249,,14,,32,43,,60,,80,7,,23,,48,52,,78,,,16,,34,,54,64,,84
TICKET-250,,12,22,,49,,68,74,,3,,24,31,,55,,76,,6,,28,35,,58,,,87
TICKET-251,,10,,38,,51,,71,81,,13,25,,45,57,,,86,5,,27,,,59,67,,88
TICKET-252,,11,,,42,50,,73,82,,17,,33,46,,61,,90,8,,20,39,,,65,77,
TICKET-253,,10,,30,44,,60,,83,2,,27,32,,55,63,,,9,16,,34,48,,,74,
TICKET-254,4,,21,,41,54,,70,,8,,25,38,,,69,73,,,11,29,,45,57,,,89
TICKET-255,6,,20,,,51,67,,81,,14,,35,,56,,71,84,,,22,,40,58,,79,86
TICKET-256,3,15,,31,,50,,75,,,17,,39,42,,62,,90,7,,23,,49,,66,77,
TICKET-257,,13,,37,,52,64,,80,,18,26,,46,,68,,82,5,,28,,,59,,72,87
TICKET-258,,12,,33,43,,61,,85,1,,24,36,,,65,76,,,19,,,47,53,,78,88
TICKET-259,,14,20,,44,,61,75,,5,,23,31,,52,67,,,,,26,,49,57,,79,87
TICKET-260,2,,29,,41,,60,,81,,13,,32,48,,64,,88,8,18,,39,,59,,78,
TICKET-261,,10,,33,45,,62,,83,,16,24,,,53,,71,85,3,,,36,,55,68,,90
TICKET-262,7,,22,35,,51,,72,,,11,28,,43,,63,,82,,17,,38,,56,69,,84
TICKET-263,,15,,30,42,,65,70,,6,,27,34,,58,,73,,9,19,,,47,,,76,86
TICKET-264,1,,21,,,50,66,,80,4,,25,,40,54,,74,,,12,,37,46,,,77,89
TICKET-265,,11,,37,,52,61,,80,9,,21,39,,54,,74,,,19,29,,41,,65,,84
TICKET-266,2,,22,,40,,63,71,,,13,,33,44,,66,,85,4,,27,,48,57,,77,
TICKET-267,,10,,31,,50,62,,81,7,,20,38,,55,,75,,,16,25,,42,,69,,83
TICKET-268,1,,26,,47,,67,,88,,14,,32,,56,,70,90,5,17,,35,,59,,76,
TICKET-269,2,,23,,43,,64,72,,,12,,34,45,,68,,87,6,,28,36,,58,,79,
TICKET-270,,15,,30,,51,,73,82,8,,24,,46,,60,,86,,18,,,49,53,,78,89
TICKET-271,6,,20,32,,,62,74,,9,,24,,42,,66,76,,,18,26,,,54,69,,88
TICKET-272,,16,,30,40,,,71,80,2,,28,36,,52,,77,,8,,,38,47,,64,,84
TICKET-273,,11,,,45,51,,75,81,7,,29,,48,,65,79,,,15,,39,,53,68,,86
TICKET-274,1,,23,31,,55,,73,,,17,,35,,58,63,,85,5,,,37,43,,67,,90
TICKET-275,3,,21,33,,57,,,83,,13,25,,41,,61,,87,,19,27,,,59,,72,89
TICKET-276,,10,22,,44,50,,70,,4,12,,,46,56,,78,,,14,,34,49,,60,,82
TICKET-277,9,14,,32,,50,,74,,,16,,38,,54,60,,82,,18,26,,42,,64,,86
TICKET-278,2,,24,30,,55,,70,,,10,,36,44,,66,,80,4,,28,,46,58,,78,
TICKET-279,6,,20,,40,52,,76,,,12,22,,48,,62,,84,8,,,34,,56,65,,88
TICKET-280,1,,25,,45,,61,,87,,13,,31,,53,,75,90,7,17,,39,,,68,79,
TICKET-281,5,,,35,41,,67,71,,,19,,37,47,,69,,83,,,21,,49,51,,73,89
TICKET-282,,11,23,,43,,63,,81,3,,27,33,,57,,72,,,15,29,,,59,,77,85
TICKET-283,2,,28,34,,50,,70,,,14,,36,,56,,78,82,6,,,38,42,,67,,89
TICKET-284,,,29,33,,53,,75,83,3,,,35,41,,61,77,,,15,,39,48,,65,,87
TICKET-285,5,13,,31,,59,,71,,9,17,,,43,,63,,86,,19,21,,45,,66,,90
TICKET-286,,11,,37,,51,,73,85,1,,23,,47,55,,76,,7,,25,,49,,69,,88
TICKET-287,4,,22,30,,,60,72,,,16,24,,40,52,,79,,,18,27,,,57,64,,81
TICKET-288,,10,20,,44,,62,74,,,12,,32,,54,68,,80,8,,26,,46,58,,,84
TICKET-289,4,,26,,44,,68,,80,,12,,34,48,,,76,88,8,,29,36,,54,,79,
TICKET-290,,14,20,,43,,62,,84,2,,22,,,50,,70,87,,,28,38,,58,,75,90
TICKET-291,,17,,37,,53,64,,83,5,,21,,40,57,,71,,,19,23,,45,,67,,89
TICKET-292,,13,,31,,52,63,,81,1,,27,,49,,65,73,,,18,,33,,56,69,,85
TICKET-293,3,,25,,41,55,,72,,,11,,35,47,,61,,86,7,15,,39,,59,,77,
TICKET-294,6,,24,,42,,60,74,,,10,,30,,51,,78,82,9,16,,32,46,,66,,
TICKET-295,4,,,30,,54,,76,84,,16,,36,,58,62,,88,9,,24,,42,,68,79,
TICKET-296,2,,20,34,,56,,70,,8,,26,,40,,60,,82,,12,,38,48,,,74,86
TICKET-297,,10,,32,,50,64,,80,6,14,,,44,52,,72,,,18,28,,46,,66,75,
TICKET-298,,15,,35,43,,63,,83,3,,,39,47,,,71,85,7,,22,,49,51,,,87
TICKET-299,,,23,31,,53,61,,89,,17,25,,41,,65,73,,5,,29,37,,57,69,,
TICKET-300,1,11,,33,,55,,77,,,13,21,,45,,67,,81,,19,27,,,59,,78,90
TICKET-301,2,,20,,45,,64,,80,,16,22,,,56,,70,89,9,,26,34,,,68,78,
TICKET-302,,11,,32,42,,60,,83,6,,23,,46,50,,,86,,13,,38,,54,,74,88
TICKET-303,4,,25,,41,53,,75,,,17,,31,,59,61,,82,,19,,35,47,,67,,87
TICKET-304,1,,21,,44,,,71,85,3,18,,37,,57,,79,,7,,28,,49,,65,,90
TICKET-305,,10,,33,,51,63,,81,5,,27,39,,55,,72,,,15,29,,43,,69,76,
TICKET-306,,12,,30,40,,62,73,,8,,24,,48,52,,77,,,14,,36,,58,66,,84
TICKET-307,6,,22,,46,,68,,89,9,10,,38,,54,,70,,,18,24,,,58,,72,90
TICKET-308,,14,,32,,52,60,,82,2,,28,,40,56,,74,,,16,,34,45,,64,76,
TICKET-309,4,,20,,42,50,,78,,,12,,30,44,,62,,86,8,,26,36,,57,,,88
TICKET-310,1,,27,33,,,66,,81,,13,,35,,55,69,,84,5,,,37,41,,,77,87
TICKET-311,,15,,39,,51,63,,80,3,,21,,48,,65,71,,,17,23,,,59,,73,85
TICKET-312,,11,25,,43,53,,75,,7,,29,,47,,61,,83,,19,,31,49,,67,79,
TICKET-313,,16,,34,40,,60,77,,2,,25,39,,51,64,,,9,,28,,47,,68,,84
TICKET-314,,18,,32,,50,,70,83,3,,24,38,,,61,,89,,19,27,,48,,63,78,
TICKET-315,,12,,30,43,,67,,81,,15,,37,,52,,71,87,6,,21,,45,56,,76,
TICKET-316,5,,20,,46,,62,74,,,17,,33,,53,69,,82,8,,29,,49,55,,79,
TICKET-317,1,,22,,42,,,72,80,,11,,31,,57,66,,86,4,13,,36,,59,,75,
TICKET-318,,10,23,,41,,65,,85,7,,,35,,54,,73,88,,14,26,,44,58,,,90
TICKET-319,6,,23,,43,,67,,83,,12,27,,,50,,71,87,9,19,,35,,58,,76,
TICKET-320,2,,25,,44,57,,74,,,13,,31,49,,60,78,,8,,,37,,59,63,,88
TICKET-321,,16,,32,41,,62,75,,4,,26,,47,52,,77,,,,29,36,,55,64,,84
TICKET-322,,11,,34,42,,66,,82,1,,20,38,,54,,79,,,15,28,,45,,69,,89
TICKET-323,3,,22,,46,,,70,80,,10,24,,,53,68,,85,5,17,,39,,56,,72,
TICKET-324,,14,,30,40,,61,,81,7,,21,,48,,65,,86,,18,,33,,51,,73,90
TICKET-325,4,,21,33,,51,,71,,9,,29,,47,,62,,84,,19,,39,49,,64,75,
TICKET-326,2,,25,,40,,61,,83,,10,28,,,56,,70,90,6,18,,34,,59,63,,
TICKET-327,,13,,31,44,,,72,82,7,,22,,46,53,,77,,,16,,38,,57,68,,85
TICKET-328,1,,20,,41,,60,,88,,17,,30,48,,65,78,,3,,26,35,,52,,79,
TICKET-329,,12,,32,,50,67,,81,,14,,37,,54,,73,87,5,,23,,43,58,,76,
TICKET-330,,11,,36,,55,,74,80,,15,24,,42,,66,,86,8,,27,,45,,69,,89
TICKET-331,,11,,33,44,,66,,82,3,15,,39,,53,,72,,9,,21,,46,57,,76,
TICKET-332,,,20,35,,54,64,,80,2,,26,,49,,69,,85,,13,28,,,59,,70,88
TICKET-333,,10,,37,,56,,71,83,,18,24,,41,,62,,87,5,,27,,48,,68,,90
TICKET-334,1,,23,,42,,60,,89,,12,,30,47,,67,73,,8,17,,34,,51,,75,
TICKET-335,6,,25,,40,50,,77,,,,29,32,,55,,79,84,,14,,36,,58,63,,86
TICKET-336,,16,,31,,52,,74,81,4,19,,38,43,,61,,,7,,22,,45,,65,78,
TICKET-337,9,12,,37,,,60,,81,,16,25,,43,,67,75,,,19,28,,46,56,,,87
TICKET-338,2,,21,,42,,61,,80,4,,27,31,,53,,70,,,18,,36,,59,66,,86
TICKET-339,,13,,33,,51,68,,82,,15,,38,,55,,74,88,6,,24,,44,,69,77,
TICKET-340,1,,20,,40,,63,72,,,11,,30,48,,65,,85,5,,22,34,,52,,76,
TICKET-341,3,,26,,41,,64,,84,,10,,35,,50,,71,89,7,,29,39,,57,,79,
TICKET-342,,14,,32,45,,62,,83,8,,23,,47,54,,73,,,14,,,49,58,,78,90
TICKET-343,,10,,36,40,,60,72,,,12,,,42,58,,74,82,6,,22,,48,,68,,84
TICKET-344,2,,26,,46,,62,,80,8,14,,30,,54,,76,,,18,,32,,56,66,,88
TICKET-345,,13,,35,41,,63,,85,,19,,,43,53,,73,89,7,,21,,45,59,,77,
TICKET-346,1,,27,,49,,61,75,,,15,29,,,51,65,,83,,17,,33,,55,,79,87
TICKET-347,3,,23,31,,,67,,81,,11,,37,47,,69,,90,5,,25,39,,57,,71,
TICKET-348,4,,20,34,,50,,70,,9,,24,38,,52,,78,,,16,28,,44,,64,,86
TICKET-349,4,,20,,45,,60,,81,,13,,36,49,,67,72,,9,17,,39,,51,,74,
TICKET-350,2,,23,,43,,61,,84,,16,,34,,54,,70,87,8,,25,,48,,65,78,
TICKET-351,,11,,30,40,,62,,82,5,,21,,44,50,,75,,,15,,32,,58,68,,86
TICKET-352,1,,22,35,,,66,,85,,10,26,,47,53,,77,,7,,29,38,,56,,79,
TICKET-353,,18,,33,,55,64,,83,3,,24,,,57,,73,88,,19,27,,42,59,,,90
TICKET-354,,12,,31,,52,,71,80,6,,28,,41,,63,76,,,14,,37,46,,69,,89
TICKET-355,,16,,38,,51,,73,81,9,,22,,41,56,,79,,,19,24,,47,,62,,86
TICKET-356,2,,21,,40,,60,,83,,15,,31,,50,66,,85,6,,25,,42,54,,72,
TICKET-357,4,,26,,44,,64,,80,,12,,33,,53,,71,88,7,18,,35,,58,,75,
TICKET-358,,10,,30,,55,,70,82,1,,23,,46,59,,77,,,14,27,,49,,61,,84
TICKET-359,3,,28,,43,,65,74,,,13,,34,,52,67,,90,8,,29,37,,,69,78,
TICKET-360,,11,,32,45,,63,,87,5,,20,36,,57,,76,,,17,,39,48,,68,,89
TICKET-361,3,16,,34,,51,,72,,9,,20,38,,,66,,81,,19,28,,47,58,,78,
TICKET-362,,11,,31,,54,63,,82,2,,23,,43,,67,,86,,13,25,,49,56,,76,
TICKET-363,,14,,33,,59,64,,89,5,,21,35,,,69,74,,8,,,39,45,,,79,90
TICKET-364,1,,26,,41,,62,,84,,17,29,,48,53,,71,,,18,,32,,55,,75,88
TICKET-365,4,,24,,42,,61,,80,6,,,30,46,,65,77,,,15,,37,,50,68,,87
TICKET-366,,10,22,,40,,60,,83,,12,,36,,52,,70,85,7,,27,,44,57,,73,
TICKET-367,,18,,31,40,,64,75,,3,,25,,44,,69,,84,9,19,,33,,55,,79,
TICKET-368,,11,,32,,53,,73,85,,14,,39,42,,61,,89,2,,23,,46,,67,76,
TICKET-369,5,,21,,43,57,,,83,,12,27,,48,,66,,86,,15,,36,,59,,70,88
TICKET-370,,,24,30,,51,60,,82,1,,29,,41,,63,74,,,10,,37,45,,68,,87
TICKET-371,4,,22,,49,,65,,80,7,13,,35,,52,,72,,,17,28,,,56,,78,81
TICKET-372,6,,20,,47,50,,71,,,16,,34,,54,,77,90,8,,26,38,,58,62,,
TICKET-373,,18,,36,,53,62,,81,9,,23,,40,,67,,88,,19,,39,44,,69,73,
TICKET-374,2,,,30,,54,63,,83,,17,,32,43,,68,,89,8,,24,,49,58,,74,
TICKET-375,,11,20,,42,,65,,82,,14,,35,,56,,70,85,4,,26,,47,59,,78,
TICKET-376,1,,22,,41,,60,72,,,10,28,,45,,66,,84,,13,,31,,52,,75,87
TICKET-377,,12,21,,46,,64,,90,3,16,,34,,51,,71,,6,,27,38,,55,,77,
TICKET-378,5,,25,33,,50,,76,,7,,29,,48,,61,,80,,15,,37,,57,,79,86
TICKET-379,2,,20,,42,,61,75,,9,,25,31,,55,,79,,,11,,38,46,,64,,83
TICKET-380,,12,,30,,51,,74,86,3,,24,,43,,62,77,,,15,,33,47,,68,,89
TICKET-381,,13,,37,,50,67,,80,,16,22,,,54,,71,84,6,,28,,44,58,,,87
TICKET-382,,10,,32,41,,60,70,,1,,26,,45,,65,,85,4,,29,34,,56,,76,
TICKET-383,5,,23,,40,53,,,81,,14,,36,48,,66,,90,8,18,,39,,57,,73,
TICKET-384,7,,21,,,52,,72,82,,17,,35,,59,63,,88,,19,27,,49,,69,78,
TICKET-385,3,,25,32,,53,,77,,9,14,,36,,59,,79,,,19,29,,44,,62,,90
TICKET-386,2,,23,,46,,60,,84,,12,,31,48,,68,74,,4,17,,35,,55,,78,
TICKET-387,,,20,,43,50,,70,83,,11,,39,,58,,73,85,,18,24,,47,,67,,88
TICKET-388,,10,,33,40,,63,,82,1,13,,,45,54,,76,,6,,26,,49,,64,,89
TICKET-389,,,21,,42,51,,71,80,7,,27,34,,,65,75,,,16,,38,,57,69,,86
TICKET-390,,15,,30,,52,61,,81,5,,22,,41,,66,,87,8,,28,37,,56,,72,
TICKET-391,5,,24,,44,,67,,80,8,15,,34,,52,,76,,,19,26,,48,56,,79,
TICKET-392,,13,,32,,50,60,,85,1,16,,39,41,,,71,,4,,20,,47,,64,,87
TICKET-393,,12,21,,43,,62,73,,3,,25,,,51,68,,82,,,28,36,,59,,77,90
TICKET-394,6,,22,31,,53,,70,,,18,,35,40,,65,,83,9,,27,,46,57,,74,
TICKET-395,2,,29,,42,,63,,81,,10,,30,,55,,72,86,,17,,37,,58,69,,88
TICKET-396,,11,,33,,54,,75,84,7,,23,,45,,61,,89,,14,,38,49,,66,78,
TICKET-397,6,,,32,44,,64,,80,,18,,36,,56,,70,86,9,,27,38,,,68,78,
TICKET-398,3,,28,,41,53,,,81,,17,,31,,59,,73,85,5,19,,37,49,,69,,
TICKET-399,,12,,30,,52,60,,82,8,,20,,40,,66,74,,,16,24,,46,54,,77,
TICKET-400,,15,21,,43,,63,,89,1,,25,,48,,67,75,,7,,29,33,,55,,79,
TICKET-401,,10,,34,,50,,72,84,4,,22,,42,58,,76,,,14,26,,45,,62,,88
TICKET-402,,11,,35,,51,,71,83,2,,23,,47,,61,,87,,13,,39,,57,65,,90
TICKET-403,4,,23,,47,,61,77,,7,16,,32,,54,66,,,9,,26,38,,,69,,81
TICKET-404,2,,27,,45,,60,73,,,17,,31,,59,,79,82,8,,29,37,,,62,,88
TICKET-405,,11,,36,42,,68,,80,5,,20,,44,51,,70,,,14,,39,,55,,75,86
TICKET-406,,15,,33,,50,63,,83,1,,24,,46,58,,76,,,18,28,,49,,67,,89
TICKET-407,,10,,30,,52,,72,85,,12,,35,41,,65,,90,3,,21,,48,56,,74,
TICKET-408,6,,22,,40,,64,,84,,13,25,,43,53,,72,,,19,,34,,57,,78,87
TICKET-409,7,,25,30,,53,,72,,,13,,32,42,,60,,81,9,15,,38,47,,64,,
TICKET-410,2,,23,,46,,67,,86,,11,27,,49,54,,70,,8,,29,36,,57,,77,
TICKET-411,,,20,,43,50,,71,80,4,,28,,,56,,78,84,,10,,34,,58,65,,89
TICKET-412,1,,21,,40,,61,,82,,14,,37,48,,68,73,,5,18,,39,,52,,75,
TICKET-413,,17,,35,,55,,79,85,3,,24,,44,,62,,88,,19,26,,,59,66,,90
TICKET-414,,12,,31,,51,,74,83,6,,22,,41,,63,76,,,16,,33,45,,69,,87
TICKET-415,5,,25,,,50,60,,82,,10,,31,47,,65,71,,9,18,,33,,56,,78,
TICKET-416,2,,24,,49,,63,77,,,11,,30,,51,69,,81,4,15,,34,,59,,79,
TICKET-417,,13,,35,,53,,73,80,7,,21,,42,,62,,84,,16,27,,44,,67,,88
TICKET-418,1,,23,,40,55,,,86,,19,,32,48,,64,,89,3,,29,36,,58,,70,
TICKET-419,,14,,38,41,,66,,85,6,,20,,45,54,,72,,,,26,39,,57,,75,90
TICKET-420,,12,,37,,52,,74,83,8,,22,,43,,61,76,,,17,28,,46,,68,,87
TICKET-421,,16,,31,,52,,70,83,9,,25,,40,,61,,87,,19,29,,47,54,,74,
TICKET-422,,15,,33,,50,,71,80,2,18,,36,,57,,77,,6,,27,,46,,65,,89
TICKET-423,4,,22,35,,56,,73,,,13,,37,44,,60,,88,7,,,39,48,,68,,90
TICKET-424,,10,,30,,53,62,,81,1,,20,38,,58,,75,,,12,24,,42,,66,,85
TICKET-425,3,,23,,41,,64,72,,,14,,34,,55,67,,86,5,,28,,45,59,,78,
TICKET-426,,11,21,,43,,63,,82,8,,26,,49,,69,76,,,17,,32,,51,,79,84
TICKET-427,3,,22,,43,50,,73,,,11,26,,,55,64,,86,9,,29,34,,57,,77,
TICKET-428,,18,,30,,53,,74,83,2,,21,,49,,60,,90,5,19,,36,,59,67,,
TICKET-429,,12,,31,,52,,70,81,6,,28,,44,,61,,84,,17,,37,48,,68,75,
TICKET-430,1,,25,,40,,62,,82,7,10,,32,,51,,71,,,16,,38,47,,66,76,
TICKET-431,,13,,33,,56,,78,87,,15,23,,41,58,,79,,4,,27,,45,,65,,89
TICKET-432,8,,20,35,,,63,,80,,14,,39,42,,69,,85,,,24,,46,54,,72,88
TICKET-433,,17,,32,,53,62,,82,7,19,,38,,59,,71,,9,,27,,45,,68,76,
TICKET-434,,11,,33,41,,63,72,,2,,26,,46,,67,,83,8,18,,,49,52,,77,
TICKET-435,,14,,34,,57,,70,85,,16,24,,42,,66,,88,5,,28,,48,,69,,90
TICKET-436,1,,20,,44,51,,74,,,13,,35,,56,65,,87,4,,23,39,,58,,78,
TICKET-437,,10,,31,,50,,75,81,3,,22,37,,54,,79,,,12,29,,40,,61,,84
TICKET-438,,15,,30,43,,60,,80,6,,21,,47,,64,,86,,,25,36,,55,,73,89
TICKET-439,6,,24,,46,,61,70,,,15,,31,49,,65,,81,9,19,,37,,50,,75,
TICKET-440,2,,25,,43,,60,74,,,16,,36,,51,,79,80,7,,,39,47,,66,,88
TICKET-441,,11,,33,,54,,72,85,5,,21,,42,56,,76,,,18,27,,,59,63,,89
TICKET-442,1,,20,30,,52,,73,,,10,,35,48,,67,,82,4,17,,38,,,69,,90
TICKET-443,,12,,32,,55,64,,83,3,,22,,40,57,,77,,,14,28,,44,,68,,87
TICKET-444,8,,23,,41,,62,,84,,13,26,,45,53,,71,,,,29,34,,58,,78,86
TICKET-445,6,,23,,42,,66,,80,,13,28,,,53,,76,82,8,16,,35,,59,,78,
TICKET-446,,14,25,,46,,63,,83,2,18,,31,,54,,74,,5,,27,,49,,67,,86
TICKET-447,1,,20,,40,,64,,84,,11,,33,45,,69,,88,4,,24,36,,56,,70,
TICKET-448,,12,,37,43,,60,71,,9,,22,,,51,62,,85,,15,,38,,55,68,,87
TICKET-449,,10,,32,44,,61,,90,3,,26,39,,52,,73,,,17,29,,47,58,,79,
TICKET-450,,19,,30,41,,65,72,,7,,,34,,50,,75,81,,,21,,48,57,,77,89
TICKET-451,5,,23,,41,52,,70,,,17,,32,44,,60,78,,9,,,39,,55,66,,84
TICKET-452,,12,21,,45,,62,72,,2,16,,36,,,64,,85,,19,29,,,53,,74,87
TICKET-453,,13,22,,40,,65,,81,,15,25,,43,,68,,89,6,,28,38,,59,,77,
TICKET-454,1,,27,,42,50,,75,,,10,,31,,57,63,,82,4,,,35,48,,69,,88
TICKET-455,3,,20,30,,58,,71,,,14,,34,46,,,73,80,7,,26,37,,,61,,83
TICKET-456,8,,24,,47,51,,76,,,11,,33,,54,67,,86,,18,,,49,56,,79,90
TICKET-457,,15,,34,44,,62,,86,9,,25,36,,54,,77,,,19,29,,48,,66,,90
TICKET-458,2,,22,,46,,60,,83,,13,,31,,59,64,,87,7,,28,38,,,68,72,
TICKET-459,4,,21,,40,,61,71,,,17,,,43,53,,76,85,8,,24,33,,55,,78,
TICKET-460,1,,20,,47,,65,,82,,12,,37,,52,,73,88,6,,27,39,,58,,79,
TICKET-461,,10,,35,,50,63,,84,6,16,,,41,56,,75,,,18,23,,45,,67,,89
TICKET-462,,11,,30,,51,,70,80,5,,26,,42,57,,74,,,14,,32,49,,69,,81
TICKET-463,4,,23,31,,52,,70,,,17,,34,41,,68,,80,9,,27,,45,58,,75,
TICKET-464,,14,,33,43,,63,,81,,,20,36,,57,67,,87,2,,26,39,,59,,77,
TICKET-465,5,,21,,44,51,,,82,,15,,30,48,,64,73,,8,,,38,,55,66,,84
TICKET-466,,16,,32,,53,,72,85,1,,24,,47,,60,,89,7,,28,,49,56,,76,
TICKET-467,,10,22,,40,,62,74,,3,12,,37,,,65,,83,,18,25,,,50,,78,86
TICKET-468,6,11,,,42,,61,,88,,13,29,,46,,69,71,,,19,,35,,54,,79,90
TICKET-469,2,,23,,42,,,73,84,,11,,32,46,,67,75,,7,14,,39,,54,,77,
TICKET-470,6,,25,,40,,64,,83,,19,,31,44,,69,71,,9,,28,33,,55,,79,
TICKET-471,,12,,30,,50,,74,82,5,,21,,43,,60,,85,,15,,36,,58,66,,88
TICKET-472,3,,24,,41,,63,,81,,10,,37,45,,68,72,,8,,29,,47,53,,78,
TICKET-473,,13,,35,,52,65,,86,1,,22,38,,56,,70,,,17,27,,49,59,,,90
TICKET-474,,16,,34,,51,61,,80,4,,20,,,57,,76,87,,18,26,,48,,62,,89
TICKET-475,3,,24,,43,,,71,86,,12,,30,47,,62,74,,8,15,,33,,55,,77,
TICKET-476,1,,26,,41,,65,,90,,10,,32,45,,68,70,,4,,29,34,,56,,76,
TICKET-477,,13,,37,,51,,78,80,6,,22,,44,,60,,85,,16,,38,,59,67,,87
TICKET-478,2,,20,,42,,61,,83,,11,,31,46,,64,75,,9,,25,,48,54,,79,
TICKET-479,,14,,36,,50,66,,81,5,,23,39,,53,,73,,,19,28,,40,57,,,89
TICKET-480,,17,,35,,52,63,,82,7,,21,,,58,,72,84,,18,27,,49,,69,,88
TICKET-481,7,,24,,43,,67,,80,,14,29,,,50,,77,87,9,17,,36,,54,,79,
TICKET-482,,15,21,,40,51,,,84,3,19,,,47,,68,75,,6,,26,32,,55,,,90
TICKET-483,2,,25,,41,57,,71,,,12,,34,46,,65,,85,5,,28,37,,,66,,89
TICKET-484,,13,,38,,52,61,,81,1,,23,,44,,63,72,,,16,,39,,56,,74,86
TICKET-485,4,,20,30,,58,,70,,,11,27,,45,,62,,82,,18,,33,48,,69,73,
TICKET-486,8,,,31,42,,60,76,,,10,,35,,53,64,,83,,,22,,49,59,,78,88
TICKET-487,6,,23,30,,58,,72,,,11,,35,42,,61,,86,9,,,38,47,,66,76,
TICKET-488,,14,,39,,53,60,,81,2,,21,,45,,64,73,,,17,,,49,57,,75,82
TICKET-489,,12,20,,46,,63,71,,5,,24,31,,,69,,83,,,27,34,,59,,74,89
TICKET-490,1,,22,,44,,68,,80,,15,28,,,51,,70,85,8,18,,36,,55,,78,
TICKET-491,4,,25,33,,56,,79,,,10,29,,41,,62,,88,7,16,,37,48,,65,,
TICKET-492,3,13,,,40,50,,,84,,19,,32,,52,67,,87,,,26,,43,54,,77,90
TICKET-493,3,,26,33,,52,,,81,,12,,37,40,,61,77,,6,,,39,44,,65,,84
TICKET-494,2,,25,,43,,62,,82,,14,,34,,54,68,,86,7,,29,,49,57,,78,
TICKET-495,5,,22,,46,,63,71,,,19,,32,48,,,73,80,,,28,36,,50,,75,85
TICKET-496,,15,24,,42,,67,70,,1,17,,30,,55,,,83,8,,27,,45,,69,,90
TICKET-497,,11,21,,,51,64,,87,4,16,,,47,,66,74,,,18,,35,,58,,76,89
TICKET-498,9,10,,31,,53,60,,,,13,20,,41,56,,72,,,,23,38,,59,,79,88
TICKET-499,,12,24,,48,,65,75,,5,15,,33,,52,67,,,9,,29,,,54,,77,88
TICKET-500,2,10,,31,,56,,71,,,16,25,,43,,60,,80,,18,28,,46,,66,,84
TICKET-501,,,23,,40,51,,74,81,,17,,37,47,,64,76,,6,,26,39,,59,,,86
TICKET-502,,13,,30,41,,62,,82,1,,21,34,,53,,78,,7,,,38,45,,68,,85
TICKET-503,3,,20,,44,55,,73,,,19,,32,,58,,79,83,8,,,35,49,,63,,90
TICKET-504,4,11,,36,,,61,70,,,14,22,,,50,69,,87,,,27,,42,57,,72,89
TICKET-505,7,,23,,41,54,,,82,9,14,,39,,58,,76,,,16,26,,44,,66,79,
TICKET-506,2,,28,,43,,60,,80,,11,,32,49,,,78,83,5,,,36,,51,64,,89
TICKET-507,,19,,31,45,,62,72,,4,,21,,47,,65,,84,,,27,35,,59,,74,90
TICKET-508,,18,,30,,53,61,,81,1,,24,34,,56,,,85,6,,,37,42,,67,71,
TICKET-509,,10,20,,46,,,73,86,,13,22,,,50,68,,88,3,17,,38,,55,,75,
TICKET-510,8,,25,,40,,63,70,,,12,,33,,52,69,,87,,15,29,,48,57,,77,
TICKET-511,,12,,31,47,,61,,85,9,,24,36,,50,,75,,,18,27,,,55,65,,90
TICKET-512,,15,,32,41,,66,73,,2,,21,,44,,68,,82,,,25,39,,56,,78,87
TICKET-513,,14,,37,40,,67,,80,4,19,,,43,57,,79,,7,,26,,48,,69,,88
TICKET-514,1,10,,35,,,60,72,,,17,20,,49,,63,,84,8,,23,38,,52,,76,
TICKET-515,3,,28,,42,51,,,81,6,13,,34,,53,64,,,,,29,,46,59,,71,83
TICKET-516,,11,,30,,54,,70,86,,16,,33,,58,,74,89,5,,22,,45,,62,77,
TICKET-517,7,,20,33,,52,,76,,,10,,36,45,,61,,83,9,16,,39,,55,,77,
TICKET-518,1,,,30,,53,62,,80,,15,,37,,57,,75,87,6,,22,,44,,67,78,
TICKET-519,,13,,32,,50,,70,81,4,,24,,41,,64,,85,,17,28,,49,,69,,88
TICKET-520,2,,21,,46,56,,74,,,12,,31,,58,60,,86,8,18,,35,48,,66,,
TICKET-521,,,23,38,,51,,72,82,3,,26,,42,54,,79,,,11,29,,47,,63,,90
TICKET-522,,14,25,,,59,,71,84,5,,,34,40,,65,,89,,19,27,,43,,68,73,
TICKET-523,,16,22,,47,,62,71,,7,19,,34,,51,,,80,9,,29,37,,,69,,83
TICKET-524,2,12,,,41,50,,70,,,18,,33,45,,63,,89,5,,27,,48,52,,74,
TICKET-525,,17,,32,,53,,73,82,,,21,39,,57,,76,88,4,,25,,44,,64,79,
TICKET-526,1,,,31,40,,65,,85,,14,20,,42,,67,72,,,,24,38,,55,,77,87
TICKET-527,3,,28,,43,56,,78,,,10,,36,,58,66,,81,6,15,,,49,,68,,86
TICKET-528,,11,,30,,54,60,,84,8,,23,35,,59,,75,,,13,26,,46,,61,,90
TICKET-529,2,,22,32,,57,,75,,,12,28,,47,,61,,90,9,19,,36,,59,67,,
TICKET-530,3,,,31,,54,63,,80,,16,,39,45,,,76,88,7,,25,,48,58,,79,
TICKET-531,,11,,33,,51,,71,82,5,,23,,40,,60,78,,,14,29,,42,,65,,87
TICKET-532,1,,,30,,53,,77,84,,17,,34,46,,62,,89,8,,21,37,,56,68,,
TICKET-533,,13,,38,,52,,70,83,4,,24,,43,55,,73,,,18,27,,49,,64,,86
TICKET-534,,10,,35,,50,,72,81,6,,20,,41,,66,74,,,15,26,,44,,69,,85
TICKET-535,7,,,33,45,,61,,83,,16,,36,,52,,76,88,9,,20,39,,55,67,,
TICKET-536,2,,22,,44,,62,,87,,15,,30,,53,68,,90,6,,28,,47,57,,75,
TICKET-537,,10,,32,,59,64,,81,4,13,,,41,,69,70,,,18,24,,49,,,77,85
TICKET-538,,,21,31,,56,,74,80,8,,27,,46,,60,,89,,12,,37,48,,66,78,
TICKET-539,,11,,35,,51,,72,82,3,,23,38,,54,,79,,,17,25,,42,,63,,86
TICKET-540,1,,26,,40,,65,,84,,14,29,,43,50,,71,,5,19,,34,,58,,73,
TICKET-541,9,,22,,43,51,,73,,,12,28,,,55,60,,80,,15,,37,,58,62,,86
TICKET-542,2,,25,,46,,63,71,,5,14,,,49,,66,76,,8,,,31,,54,69,,90
TICKET-543,,19,,33,40,,64,70,,4,,21,,45,,67,,84,,,27,36,,56,,74,88
TICKET-544,,13,20,,42,52,,78,,1,,23,,,57,68,,83,6,18,,35,,59,,,89
TICKET-545,,10,,32,44,,,72,81,,17,26,,47,53,,,85,3,,29,39,,,61,79,
TICKET-546,7,11,,30,41,,,75,,,16,,34,48,,65,,82,,,24,38,,50,,77,87
TICKET-547,2,18,,31,,54,,78,,9,,22,35,,57,,,85,,19,,38,47,,63,79,
TICKET-548,,17,,30,,55,64,,81,3,,24,,46,,69,70,,8,,,32,,59,,77,89
TICKET-549,,12,,34,,52,,72,83,,15,20,,41,,61,,87,6,,26,,43,,66,,90
TICKET-550,1,10,,33,40,,62,,,,14,23,,44,50,,76,,4,,,39,,58,68,,80
TICKET-551,,11,25,,48,,65,73,,7,,27,37,,51,,,84,,,29,,49,56,,74,88
TICKET-552,5,,,36,42,,60,,82,,13,21,,,53,,71,86,,16,28,,45,,67,75,
TICKET-553,3,10,,,40,,63,76,,,,28,30,,53,65,,83,9,12,,36,,58,,78,
TICKET-554,,15,,38,42,,68,,80,2,19,,,45,55,,77,,5,,24,,47,59,,,89
TICKET-555,8,,20,32,,,61,71,,,14,23,,43,51,,,81,,,27,,46,57,,75,86
TICKET-556,,18,,31,,50,,70,82,1,,22,,41,,66,,85,,,26,39,,54,,73,90
TICKET-557,4,,29,,44,,60,72,,,13,,33,48,,62,,87,6,16,,35,,56,64,,
TICKET-558,,11,,34,,52,,74,84,7,,21,37,,,67,79,,,17,25,,49,,69,,88
TICKET-559,,16,,31,,53,62,,82,7,,,38,42,,,73,88,9,,23,39,,57,67,,
TICKET-560,,10,,33,41,,64,77,,2,,25,,46,55,,,81,,13,29,,48,,68,,84
TICKET-561,,,22,35,,52,61,,80,,17,,,43,58,,72,87,4,,28,,49,,66,,89
TICKET-562,1,,20,33,,50,,70,,,11,26,,45,,63,,85,5,15,,37,,54,,76,
TICKET-563,3,,24,,,56,,71,90,6,14,,32,,59,,74,,,18,,36,47,,60,78,
TICKET-564,8,,,30,,51,,75,83,,12,21,,40,,65,79,,,19,27,,44,,69,,86
TICKET-565,1,,23,,43,50,,72,,,13,29,,,56,,78,84,2,17,,32,,59,63,,
TICKET-566,3,,27,,40,,62,,82,6,18,,,45,,65,77,,9,,,33,,58,68,,87
TICKET-567,,14,22,,42,,,76,85,5,,,35,48,,60,79,,,,28,39,,57,66,,88
TICKET-568,,12,,31,44,,61,74,,,16,24,,,52,69,,80,7,19,,37,,54,,,90
TICKET-569,,11,,30,46,,,70,81,,15,20,,49,55,,,86,4,,26,34,,,64,73,
TICKET-570,8,,21,,41,51,,71,,,10,,36,47,,67,,83,,,25,38,,53,,75,89
TICKET-571,,13,,34,43,,65,74,,3,18,,38,,52,67,,,8,,27,,48,,69,,89
TICKET-572,,10,23,,46,55,,70,,1,,29,,49,,,77,82,,14,,30,,59,61,,84
TICKET-573,4,,26,33,,,64,,80,7,,28,,44,,68,71,,,12,,35,,53,,75,88
TICKET-574,,16,,37,,51,,73,81,,19,22,,41,,62,,86,9,,24,,47,56,,79,
TICKET-575,2,,21,,40,,60,,83,,15,,31,,54,,72,85,6,,25,,42,58,,78,
TICKET-576,,11,,32,,50,63,,87,5,,20,36,,57,,76,,,17,,39,45,,66,,90
TICKET-577,,,20,39,,51,60,,85,4,,26,,42,55,,73,,,13,28,,45,,66,77,
TICKET-578,2,,22,,40,,62,,83,,11,,30,48,,68,,90,8,16,,37,,57,,75,
TICKET-579,,14,,31,,50,,78,81,5,,27,,43,,65,,86,,18,,34,,53,69,,88
TICKET-580,,15,,33,,52,61,,80,1,,21,36,,59,,70,,,19,24,,49,,67,,84
TICKET-581,3,,23,,41,,,71,82,,12,,32,47,,63,74,,7,17,,38,,56,,79,
TICKET-582,6,,25,,44,,64,,87,,10,,35,,54,,72,89,9,,29,,46,58,,76,
TICKET-583,,14,,34,,57,,70,80,5,,24,,42,,66,,85,8,16,,38,46,,69,,
TICKET-584,1,,20,,44,,65,,87,,11,,35,,51,68,,89,4,,23,39,,56,,74,
TICKET-585,,12,,31,,50,,75,81,3,,22,37,,54,,79,,,18,29,,40,,64,,84
TICKET-586,7,,27,,45,,62,71,,,19,,32,,53,,76,82,9,,28,,48,59,,78,
TICKET-587,,10,,33,,52,63,,83,2,13,,,41,,67,72,,,17,26,,49,58,,77,
TICKET-588,,15,,30,43,,60,,86,6,,21,,47,,64,,88,,,25,36,,55,,73,90
TICKET-589,3,,22,,46,,60,,89,6,15,,31,,53,66,,,8,,25,37,,,68,76,
TICKET-590,1,,26,,44,,61,,81,,16,,30,,58,,72,87,7,,28,36,,,69,78,
TICKET-591,,10,,35,41,,,74,80,4,,29,,43,50,,79,,,13,,38,,54,65,,85
TICKET-592,,14,,32,,57,62,,82,9,,23,,45,59,,75,,,17,27,,48,,67,,90
TICKET-593,,11,,34,,51,,70,84,2,,20,,40,55,,73,,,19,,39,47,,64,,88
TICKET-594,,12,,33,,52,,71,83,5,,21,,42,56,,77,,,18,24,,49,,63,,86
TICKET-595,,13,,32,40,,67,,84,8,,26,36,,52,,77,,,19,28,,43,54,,,90
TICKET-596,,15,,37,,51,,70,81,3,,20,,,55,,78,85,,18,25,,44,,64,,88
TICKET-597,4,,22,,41,,65,,80,,10,27,,,56,,79,89,7,16,,33,,58,68,,
TICKET-598,6,,23,30,,53,61,,,,11,,35,42,,,72,86,9,,,38,47,,66,76,
TICKET-599,1,,24,,45,,60,73,,,12,,,48,50,,75,82,2,17,,34,,59,62,,
TICKET-600,,14,,31,46,,63,,83,5,,21,,49,,69,71,,,,29,39,,57,,74,87
